smr,site,created_at
SMR-72947594,ff24f0.portal.ir,۱۴۰۵/۰۷/۰۷
SMR-84496714,www.mahsoo.com,۱۴۰۵/۰۷/۰۷
SMR-78370009,Iclass.vip,۱۴۰۵/۰۷/۰۷
SMR-65649026,https://amitis051.ir/,۱۴۰۵/۰۷/۰۷
SMR-64463022,https://slayers-shop.ir,۱۴۰۵/۰۷/۰۷
SMR-84565236,https://deziinnco.ir/,۱۴۰۵/۰۷/۰۷
SMR-26392587,ballone.ir,۱۴۰۵/۰۷/۰۷
SMR-35529242,Huvad.ir,۱۴۰۵/۰۷/۰۷
SMR-59196707,ariaelectricco.ir,۱۴۰۵/۰۷/۰۷
SMR-07858480,www.ellaviiz.ir,۱۴۰۵/۰۷/۰۷
SMR-78464824,avoocado.ir,۱۴۰۵/۰۷/۰۷
SMR-63270507,trendsport.ir,۱۴۰۵/۰۷/۰۷
SMR-56985978,ghestimall.com,۱۴۰۵/۰۷/۰۷
SMR-68450055,befroosh.app,۱۴۰۵/۰۷/۰۷
SMR-41572227,www.mavigalleryarvand.com,۱۴۰۵/۰۷/۰۷
SMR-79973032,https://hyperkala24.com/,۱۴۰۵/۰۷/۰۷
SMR-81266340,www.daymanstyle.ir,۱۴۰۵/۰۷/۰۷
SMR-47448780,https://tootbeaute.ir,۱۴۰۵/۰۷/۰۷
SMR-13687231,https://bitabt.com,۱۴۰۵/۰۷/۰۷
SMR-10313825,https://alosystem.com,۱۴۰۵/۰۷/۰۷
SMR-59778364,www.tahalight.com,۱۴۰۵/۰۷/۰۷
SMR-18510737,butique.maziyar,۱۴۰۵/۰۷/۰۷
SMR-58053128,Royalhomekala.ir,۱۴۰۵/۰۷/۰۷
SMR-60168517,Www.angeliran.com,۱۴۰۵/۰۷/۰۷
SMR-10476357,Bitbeauty.ir,۱۴۰۵/۰۷/۰۷
SMR-99653980,https://baranwomen.com,۱۴۰۵/۰۷/۰۷
SMR-66734748,https://numax.ir/,۱۴۰۵/۰۷/۰۷
SMR-87135102,rezstudiio.com,۱۴۰۵/۰۷/۰۷
SMR-65368994,desing-sila.com,۱۴۰۵/۰۷/۰۷
SMR-35606541,https://chirokala.com,۱۴۰۵/۰۷/۰۷
SMR-18962759,kafgalleryy.ir,۱۴۰۵/۰۷/۰۷
SMR-11095173,https://eitaa.com/Reyhan_Hejab20,۱۴۰۵/۰۷/۰۷
SMR-16347719,Instagram.com/taranehto_ai,۱۴۰۵/۰۷/۰۷
SMR-45861868,magzsupplement.ir,۱۴۰۵/۰۷/۰۷
SMR-33938826,https://apshoping.com/,۱۴۰۵/۰۷/۰۷
SMR-04456482,www.topashop.ir,۱۴۰۵/۰۷/۰۷
SMR-89885460,Miraskids.com,۱۴۰۵/۰۷/۰۷
SMR-10100073,https://lizz.ir,۱۴۰۵/۰۷/۰۷
SMR-38725826,amolayshop.ir,۱۴۰۵/۰۷/۰۷
SMR-78263661,www.shokoohezaman.com,۱۴۰۵/۰۷/۰۷
SMR-66002739,https://dpateb.ir,۱۴۰۵/۰۷/۰۷
SMR-47004205,rajaiecabinet.com,۱۴۰۵/۰۷/۰۷
SMR-71098852,www.foumanchay.ir,۱۴۰۵/۰۷/۰۷
SMR-26006719,sambrand.ir,۱۴۰۵/۰۷/۰۷
SMR-39684963,https://tintelshop.ir,۱۴۰۵/۰۷/۰۷
SMR-80049570,cafinetamiran.ir,۱۴۰۵/۰۷/۰۷
SMR-92039093,hematiangold.com,۱۴۰۵/۰۷/۰۷
SMR-14937539,www.missrella.ir,۱۴۰۵/۰۷/۰۷
SMR-59288455,chicamod.ir,۱۴۰۵/۰۷/۰۷
SMR-05708693,gelarehjavaherzadeh.com,۱۴۰۵/۰۷/۰۷
SMR-55667857,sismonitala.com,۱۴۰۵/۰۷/۰۷
SMR-84152230,varaaoutdoor.ir,۱۴۰۵/۰۷/۰۷
SMR-06474275,www.aghsatloumino.ir,۱۴۰۵/۰۷/۰۷
SMR-11181951,yadakipeyk.com,۱۴۰۵/۰۷/۰۷
SMR-50279702,https://cherry-berry.ir/,۱۴۰۵/۰۷/۰۷
SMR-75932302,www.mimkaf.ir,۱۴۰۵/۰۷/۰۷
SMR-26887546,aloobooki.ir,۱۴۰۵/۰۷/۰۷
SMR-04486029,http://balinoteam.ir,۱۴۰۵/۰۷/۰۷
SMR-34870979,moradi-shoes.ir,۱۴۰۵/۰۷/۰۷
SMR-50336145,mythstore.ir,۱۴۰۵/۰۷/۰۷
SMR-48022593,khorasanelec.ir,۱۴۰۵/۰۷/۰۷
SMR-58299692,portal.loxshop.ir,۱۴۰۵/۰۷/۰۷
SMR-22265051,bsetco.co,۱۴۰۵/۰۷/۰۷
SMR-90637333,sanatkadehsepahan.ir,۱۴۰۵/۰۷/۰۷
SMR-92609281,miolaland.ir,۱۴۰۵/۰۷/۰۶
SMR-52823930,https://barsamgallery.com/,۱۴۰۵/۰۷/۰۶
SMR-48504192,toplevelstyle.ir,۱۴۰۵/۰۷/۰۶
SMR-06739308,www.tijoon.ir,۱۴۰۵/۰۷/۰۶
SMR-60744481,www.shorapub.ir,۱۴۰۵/۰۷/۰۶
SMR-59951911,packatplus.ir,۱۴۰۵/۰۷/۰۶
SMR-47955770,conecto.ir,۱۴۰۵/۰۷/۰۶
SMR-04288089,Beautycoreshop.com,۱۴۰۵/۰۷/۰۶
SMR-42913620,marichijewelry.ir,۱۴۰۵/۰۷/۰۶
SMR-89008875,https://koveguard.com,۱۴۰۵/۰۷/۰۶
SMR-28665503,https://gilasmode.com/,۱۴۰۵/۰۷/۰۶
SMR-42133680,rokeshamir.com,۱۴۰۵/۰۷/۰۶
SMR-01265284,sadafcomputer.ir,۱۴۰۵/۰۷/۰۶
SMR-28732993,sullyboo.ir,۱۴۰۵/۰۷/۰۶
SMR-72934392,https://mopiahome.ir,۱۴۰۵/۰۷/۰۶
SMR-89131673,Didavar.com,۱۴۰۵/۰۷/۰۶
SMR-56919947,https://kuroshshop.ir/,۱۴۰۵/۰۷/۰۶
SMR-14742829,www.kalaoto.ir,۱۴۰۵/۰۷/۰۶
SMR-97439444,takverse.ir,۱۴۰۵/۰۷/۰۶
SMR-72558206,www.gadget20.com,۱۴۰۵/۰۷/۰۶
SMR-10650344,https://online-app.ir/,۱۴۰۵/۰۷/۰۶
SMR-49002081,gadgima.ir,۱۴۰۵/۰۷/۰۶
SMR-53494480,https://janebibz.ir/,۱۴۰۵/۰۷/۰۶
SMR-07772906,cedb86.portal.ir,۱۴۰۵/۰۷/۰۶
SMR-24208543,velorawatch.ir,۱۴۰۵/۰۷/۰۶
SMR-57730075,farshmod405.ir,۱۴۰۵/۰۷/۰۶
SMR-88446034,coconut-underwear.ir,۱۴۰۵/۰۷/۰۶
SMR-74641648,www.zarakompani.com,۱۴۰۵/۰۷/۰۶
SMR-39965731,https://tiandywifi.ir/,۱۴۰۵/۰۷/۰۶
SMR-86002494,toplandkids.ir,۱۴۰۵/۰۷/۰۶
SMR-57638190,zoominset.ir,۱۴۰۵/۰۷/۰۶
SMR-87062019,Numberoneperfume.ir,۱۴۰۵/۰۷/۰۶
SMR-01105306,www.shokoohezaman.com,۱۴۰۵/۰۷/۰۶
SMR-84387238,abzarhashtominnoor.ir,۱۴۰۵/۰۷/۰۶
SMR-45443572,Rasanet.org,۱۴۰۵/۰۷/۰۶
SMR-24987957,http://ma-onebotik.ir/,۱۴۰۵/۰۷/۰۵
SMR-01471110,papinoostore.ir,۱۴۰۵/۰۷/۰۵
SMR-19916602,www.avyra-cosmeticss.com,۱۴۰۵/۰۷/۰۵
SMR-97912868,http://rabiart.ir/,۱۴۰۵/۰۷/۰۵
SMR-33032719,www.abdispiercing.ir,۱۴۰۵/۰۷/۰۵
SMR-71295117,Www.sabznahad.com,۱۴۰۵/۰۷/۰۵
SMR-61411408,slashtak.ir,۱۴۰۵/۰۷/۰۵
SMR-52067046,toodelishop.com,۱۴۰۵/۰۷/۰۵
SMR-18215867,https://abritech.co,۱۴۰۵/۰۷/۰۵
SMR-11730127,https://avinstyle.com/,۱۴۰۵/۰۷/۰۵
SMR-12147655,panelpayamaki.ir,۱۴۰۵/۰۷/۰۵
SMR-23502500,www.elaytab.com,۱۴۰۵/۰۷/۰۵
SMR-76047144,Www.memocolletion.ir,۱۴۰۵/۰۷/۰۵
SMR-14306079,https://chirooshop.com/,۱۴۰۵/۰۷/۰۵
SMR-95481765,aghsatbook.ir,۱۴۰۵/۰۷/۰۵
SMR-67249659,www.340.ir,۱۴۰۵/۰۷/۰۵
SMR-48202098,miraiperfume.ir,۱۴۰۵/۰۷/۰۵
SMR-66447269,https://khosravanibrew.ir/,۱۴۰۵/۰۷/۰۵
SMR-24947227,www.atorin.ir,۱۴۰۵/۰۷/۰۵
SMR-82690022,noorisstyle.ir,۱۴۰۵/۰۷/۰۵
SMR-68110627,https://boutique-newman.com,۱۴۰۵/۰۷/۰۵
SMR-82052634,baharnoosh.com,۱۴۰۵/۰۷/۰۵
SMR-43870957,www.motopelas.com,۱۴۰۵/۰۷/۰۵
SMR-36076115,www.payamotor.com,۱۴۰۵/۰۷/۰۵
SMR-51243004,https://kapkalla.ir/,۱۴۰۵/۰۷/۰۵
SMR-81491315,cosmet.ir,۱۴۰۵/۰۷/۰۵
SMR-24191714,JAVANEBABY.IR,۱۴۰۵/۰۷/۰۵
SMR-78803387,zizifitshop.ir,۱۴۰۵/۰۷/۰۵
SMR-01939818,Donyayejanebi.com,۱۴۰۵/۰۷/۰۵
SMR-92325790,www.anahora.ir,۱۴۰۵/۰۷/۰۵
SMR-62117736,www.afrehstyle.com,۱۴۰۵/۰۷/۰۵
SMR-06166385,matinhat.ir,۱۴۰۵/۰۷/۰۵
SMR-34320015,https://mikastyle.ir/,۱۴۰۵/۰۷/۰۵
SMR-75557763,Nikastyle.ir,۱۴۰۵/۰۷/۰۵
SMR-67656536,ellarasilver.ir,۱۴۰۵/۰۷/۰۵
SMR-97334037,https://romora.ir,۱۴۰۵/۰۷/۰۵
SMR-84385708,https://biyar-group.com/,۱۴۰۵/۰۷/۰۵
SMR-90934721,romya.ir,۱۴۰۵/۰۷/۰۵
SMR-79947169,Adiuoline.ir,۱۴۰۵/۰۷/۰۵
SMR-77948188,Softcard.ir,۱۴۰۵/۰۷/۰۵
SMR-36453538,Khoneyekhocholo.ir,۱۴۰۵/۰۷/۰۵
SMR-27891230,https://alrocar.com/,۱۴۰۵/۰۷/۰۵
SMR-19012491,https://mahsoo-galleryy.ir,۱۴۰۵/۰۷/۰۵
SMR-97637609,lcmode-bags.ir,۱۴۰۵/۰۷/۰۵
SMR-15628508,beautysecretsiran.ir,۱۴۰۵/۰۷/۰۵
SMR-14241249,accountium.ir,۱۴۰۵/۰۷/۰۵
SMR-20869729,dellihome.com,۱۴۰۵/۰۷/۰۵
SMR-79586357,https://amerijahaz.com,۱۴۰۵/۰۷/۰۵
SMR-20608198,https://batomarkets.com/,۱۴۰۵/۰۷/۰۵
SMR-01274910,Lapine.ir,۱۴۰۵/۰۷/۰۵
SMR-94075691,https://jazebestore.com,۱۴۰۵/۰۷/۰۵
